mse,abs_percentage,abs_std,sqr_percentage,sqr_std,div_max,div_min,div_avg,batch,dimensions,early_stopping,epochs,l_rate
0.0012488578213378787,94.19777393341064,2.301551,99.70700144767761,0.23644643,0.29036498,-2.3083115,0.4729533386230469,10,"[296, 148, 74, 37]",10,200,0.0005
0.0012962935725226998,94.13886666297913,2.2033834,99.70716834068298,0.23267327,0.37054777,-2.0096025,0.575064926147461,10,"[312, 156, 78, 39]",10,200,0.0005
0.0011276775039732456,94.50167417526245,2.1572118,99.7387707233429,0.21463352,0.44543934,-1.8271248,0.4756948089599609,10,"[328, 164, 82, 41]",10,200,0.0005
0.0010535031324252486,94.73685622215271,2.0704446,99.7610867023468,0.19888453,0.5014086,-2.353005,0.352777099609375,10,"[344, 172, 86, 43]",10,200,0.0005
0.0010031365090981126,94.83780860900879,1.9846177,99.77182149887085,0.18481027,0.2589779,-2.609502,0.5216156768798829,10,"[360, 180, 90, 45]",10,200,0.0005
0.021069636568427086,73.31628799438477,10.926329,95.21066546440125,3.0822403,-0.9852796,-0.98533636,0.9853092193603515,10,"[376, 188, 94, 47]",10,200,0.0005
