mse,abs_percentage,abs_std,sqr_percentage,sqr_std,div_max,div_min,div_avg,batch,dimensions,early_stopping,epochs,l_rate
0.0008460155804641545,95.23763656616211,1.8275261,99.8075544834137,0.15533885,0.6752834,-1.6346841,0.3018315315246582,10,"[408, 204, 102, 51]",10,200,0.0005
0.0007948973798193038,95.39581537246704,1.6899817,99.8236358165741,0.13894887,0.36315966,-2.2387898,0.39149993896484375,10,"[424, 212, 106, 53]",10,200,0.0005
