mse,abs_percentage,abs_std,sqr_percentage,sqr_std,div_max,div_min,div_avg,batch,dimensions,early_stopping,epochs,l_rate
0.0017271983670070767,93.76040697097778,3.8393865,99.59641695022583,0.6104521,0.46764755,-1.4650173,-0.47452363,10,"[80, 40, 20, 10]",10,200,0.0005
0.0016895850421860814,93.74821782112122,3.7109478,99.60120916366577,0.6100142,0.366862,-1.867302,-0.43615127,10,"[96, 48, 24, 12]",10,200,0.0005
0.001430500764399767,94.22897100448608,3.0550594,99.67263340950012,0.39779225,0.39153528,-1.9379797,-0.32456163,10,"[112, 56, 28, 14]",10,200,0.0005
0.0013756896369159222,94.31447982788086,3.0664256,99.67800974845886,0.41695717,0.53856564,-1.8063502,-0.37528837,10,"[128, 64, 32, 16]",10,200,0.0005
0.001236683689057827,94.65208649635315,2.87179,99.71776604652405,0.36154282,0.44637084,-2.1133735,-0.41358536,10,"[160, 80, 40, 20]",10,200,0.0005
0.001111980527639389,94.81215476989746,2.4933395,99.75070357322693,0.27779612,1.5229073,-1.2991827,-0.25800955,10,"[192, 96, 48, 24]",10,200,0.0005
0.0017762419302016497,93.25143694877625,2.78322,99.58556294441223,0.35731962,0.7293663,-1.5098469,-0.2784036,10,"[176, 88, 44, 22]",10,200,0.0005
