Accuracy,Running Time,Loss,batch,dimensions,early_stopping,epochs,l_rate
0.0019053941359743476,1018.1808457374573,0.0019053941359743476,10,"[64, 32, 16, 8]",10,500,0.0005
