mse,sqr_percentage,abs_percentage_median,abs_percentage_mean,abs_percentage_std,div_max,div_min,div_avg,batch,dimensions,early_stopping,epochs,l_rate
2.38977553705483e-06,inf,96.901375,-inf,nan,1.4923565,-1.7625668,-0.12853288115002215,10,"[432, 216, 108, 54]",10,500,0.0005
8.145187535926225e-06,inf,96.95231,-inf,nan,2.1249037,-3.3326025,-0.4283187987376004,10,"[440, 220, 110, 55]",10,500,0.0005
2.4005849289513754e-06,inf,97.15367,-inf,nan,1.1520754,-1.720561,-0.20849128855392338,10,"[456, 228, 114, 57]",10,500,0.0005
3.1941054352267354e-06,inf,97.13394,-inf,nan,1.7948974,-1.2895155,0.17611609586980193,10,"[464, 232, 116, 58]",10,500,0.0005
2.545021497661823e-08,inf,97.87606,-inf,nan,1.7540212,-2.3562078,-0.02438590046018362,10,"[472, 236, 118, 59]",10,500,0.0005
2.74763706482363e-07,inf,97.35003,-inf,nan,1.7668469,-2.1379404,-0.07153994057327509,10,"[496, 248, 124, 62]",10,500,0.0005
0.0003683046563764947,inf,79.57598,-inf,nan,0.89112437,0.88879704,0.8898259463906288,10,"[504, 252, 126, 63]",10,500,0.0005
3.294381988793956e-05,inf,80.097824,-inf,nan,2.271892,2.266287,2.269300926923752,10,"[512, 256, 128, 64]",10,500,0.0005
