Accuracy,Running Time,Loss,batch,dimensions,early_stopping,epochs,l_rate
0.006444940343499184,804.3426504135132,0.006444940343499184,10,"[16, 8, 4, 2]",10,500,0.0005
