mse,sqr_percentage,abs_percentage_median,abs_percentage_mean,abs_percentage_std,div_max,div_min,div_avg,batch,dimensions,early_stopping,epochs,l_rate
0.00017443721636496105,inf,79.99671,-inf,nan,2.5727172,2.5630832,2.567264883518219,10,"[504, 252, 126, 63]",10,500,0.0005
7.777106264783562e-05,inf,80.22911,-inf,nan,-0.70513964,-0.7089224,-0.7074107278883457,10,"[512, 256, 128, 64]",10,500,0.0005
